est_mean,est_se,ci_low,ci_high
2.96700727610971e-4,0.009388251482056938,-0.015461864513893692,0.020807686697043234
