"effect_at_median","median_cap"
-0.00058223468566125,0.00640371239266492
