term,Estimate,Std. Error,z value,Pr(>|z|)
postTRUE,0.11852235060327833,0.018781678226834745,6.310530356863257,2.780808591792068e-10
